CODIGO_REGION_ESTABLECIMIENTO,PROMEDIO_GENERAL_ANUAL,ANIO
12,5.520298095146317,2009
15,5.420353962698799,2009
8,5.36546571620847,2009
7,5.345637492083597,2009
2,5.312346588119784,2009
3,5.310219379341363,2009
6,5.297606264238206,2009
4,5.282872491483811,2009
14,5.2691339105560235,2009
13,5.256338898762198,2009
5,5.255497605712852,2009
10,5.22036893577116,2009
11,5.192108357240277,2009
9,5.190316478827329,2009
1,5.158792859255109,2009
