CODIGO_REGION_ESTABLECIMIENTO,PROMEDIO_GENERAL_ANUAL,ANIO
0,6.240174672489083,2003
12,5.5803207603207605,2003
8,5.441518692850457,2003
2,5.440861252853498,2003
4,5.438366708556442,2003
1,5.41637819347743,2003
3,5.404845524970146,2003
13,5.399987884136445,2003
6,5.396858890274382,2003
5,5.389991381529611,2003
7,5.374515684857739,2003
10,5.308287031429782,2003
9,5.303871268864045,2003
11,5.22248594360273,2003
