CODIGO_REGION_ESTABLECIMIENTO,PROMEDIO_GENERAL_ANUAL,ANIO
12,5.482845103657509,2019
8,5.475106704497469,2019
2,5.4528325766730905,2019
16,5.45245704564786,2019
15,5.439784835855216,2019
3,5.4266834278908975,2019
7,5.377767869737823,2019
4,5.35017103025522,2019
1,5.32440997517121,2019
6,5.315059871306247,2019
5,5.275315875886355,2019
13,5.250484320874335,2019
14,5.247787130416369,2019
10,5.234951890933403,2019
9,5.201946597937088,2019
11,5.133025076347369,2019
