CODIGO_REGION_ESTABLECIMIENTO,PROMEDIO_GENERAL_ANUAL,ANIO
12,5.358907515033427,2013
8,5.213978500269074,2013
7,5.171136772863997,2013
6,5.151035092444059,2013
4,5.143736664358688,2013
3,5.114510094711652,2013
15,5.107669452578929,2013
2,5.086464769751061,2013
5,5.057552764882934,2013
13,5.037525298790354,2013
14,5.026740227570769,2013
10,4.976530090521399,2013
1,4.967183671029825,2013
11,4.953277678938004,2013
9,4.944414998733215,2013
