CODIGO_REGION_ESTABLECIMIENTO,PROMEDIO_GENERAL_ANUAL,ANIO
12,5.446793173969893,2017
8,5.40797033519298,2017
15,5.381278761531121,2017
3,5.350864305691276,2017
7,5.350222608713764,2017
2,5.291212725309411,2017
6,5.247092738896018,2017
4,5.246685811600495,2017
5,5.209512131649444,2017
14,5.207182633317603,2017
13,5.201440857678596,2017
1,5.1846926115539835,2017
9,5.177287836646089,2017
10,5.160375279819041,2017
11,5.118227859250451,2017
