CODIGO_REGION_ESTABLECIMIENTO,PROMEDIO_GENERAL_ANUAL,ANIO
12,5.373573855363209,2011
8,5.176528451866855,2011
2,5.164901492537313,2011
7,5.1445410534073,2011
4,5.133044082647065,2011
6,5.1154255196835905,2011
3,5.096990994583458,2011
5,5.057428979622528,2011
13,5.029530698076041,2011
15,5.010444301885231,2011
9,4.9926468398534825,2011
11,4.9577161055505,2011
10,4.950770627129062,2011
14,4.922944782180965,2011
1,4.87949769728561,2011
