CODIGO_REGION_ESTABLECIMIENTO,PROMEDIO_GENERAL_ANUAL,ANIO
12,5.409452082490901,2014
8,5.287449377601105,2014
7,5.248023476336128,2014
3,5.229410959372968,2014
4,5.196679912198358,2014
6,5.187719144306197,2014
2,5.1814222702921935,2014
15,5.1617967117029755,2014
5,5.115009104873275,2014
14,5.112416043507818,2014
13,5.074931030721804,2014
10,5.038520033901277,2014
9,5.011294907978309,2014
11,5.006107044830741,2014
1,4.998932120799206,2014
