CODIGO_REGION_ESTABLECIMIENTO,PROMEDIO_GENERAL_ANUAL,ANIO
12,5.677523121582394,2022
8,5.615661183039991,2022
3,5.603696740839181,2022
16,5.6020954674841255,2022
2,5.590593863384755,2022
7,5.538970633503663,2022
4,5.533111017461568,2022
6,5.497651541766884,2022
15,5.482225165039333,2022
1,5.481731970983494,2022
14,5.42296618382128,2022
5,5.422375997373642,2022
13,5.415614314702658,2022
10,5.371972173519597,2022
9,5.36173172177611,2022
11,5.341544281263907,2022
