CODIGO_REGION_ESTABLECIMIENTO,PROMEDIO_GENERAL_ANUAL,ANIO
12,5.521216118973375,2004
8,5.404838143516851,2004
2,5.40309605737739,2004
4,5.402683277102473,2004
3,5.401672897196262,2004
1,5.3794105584967555,2004
6,5.375281481724165,2004
13,5.359547806692663,2004
5,5.35641772105702,2004
7,5.332487458330039,2004
9,5.2591172831897595,2004
10,5.2533209231921845,2004
11,5.223147403235899,2004
