CODIGO_REGION_ESTABLECIMIENTO,PROMEDIO_GENERAL_ANUAL,ANIO
12,5.877531612498693,2021
8,5.853933653342456,2021
16,5.843858901569679,2021
7,5.77364855328158,2021
4,5.767536138149597,2021
15,5.765301629238221,2021
3,5.757274227776469,2021
2,5.738901082139195,2021
6,5.720975509434608,2021
5,5.692212848602555,2021
14,5.667576805533216,2021
13,5.661652328770473,2021
1,5.652413726915008,2021
9,5.6471514755729695,2021
10,5.6074566652053885,2021
11,5.505916810462265,2021
