CODIGO_REGION_ESTABLECIMIENTO,PROMEDIO_GENERAL_ANUAL,ANIO
12,6.005549834889749,2020
8,5.911037671344382,2020
11,5.882115548003399,2020
7,5.862442970376133,2020
16,5.861416046475857,2020
3,5.849920459261308,2020
4,5.812368456285982,2020
15,5.805952866871468,2020
1,5.7801552389601545,2020
2,5.767463033953998,2020
9,5.7628511030408145,2020
6,5.744753790222316,2020
5,5.744006158717889,2020
13,5.7359817480245425,2020
14,5.731171042896827,2020
10,5.726149581074421,2020
