CODIGO_REGION_ESTABLECIMIENTO,PROMEDIO_GENERAL_ANUAL,ANIO
12,5.410053949646996,2016
8,5.376723068018145,2016
7,5.318103225874387,2016
15,5.31460841103383,2016
3,5.296010964314901,2016
6,5.263623245977871,2016
2,5.2438610709600875,2016
4,5.238656468286275,2016
14,5.173649218218899,2016
5,5.167496456086287,2016
13,5.150507394543498,2016
1,5.14022333269831,2016
10,5.134064373991211,2016
9,5.110827709667486,2016
11,5.105336478547267,2016
