CODIGO_REGION_ESTABLECIMIENTO,PROMEDIO_GENERAL_ANUAL,ANIO
12,5.4802844725404976,2005
4,5.398651362392199,2005
8,5.380711239067696,2005
3,5.372881089410951,2005
2,5.360506496730944,2005
6,5.3344818705375,2005
7,5.328884687912946,2005
1,5.320461228339467,2005
5,5.315965859310968,2005
13,5.309512683972206,2005
10,5.246860983102919,2005
9,5.2424005495189405,2005
11,5.218234173771086,2005
