CODIGO_REGION_ESTABLECIMIENTO,PROMEDIO_GENERAL_ANUAL,ANIO
12,5.48954192423522,2007
15,5.409513338867823,2007
8,5.333435374312479,2007
4,5.3331154804380985,2007
2,5.321806458079281,2007
6,5.306131346825468,2007
7,5.303324201901371,2007
3,5.283209375704305,2007
5,5.2691204494198685,2007
14,5.267970879223446,2007
13,5.252991209241295,2007
1,5.221586000664526,2007
9,5.2030736406974025,2007
10,5.197601651020678,2007
11,5.156526019690577,2007
