CODIGO_REGION_ESTABLECIMIENTO,PROMEDIO_GENERAL_ANUAL,ANIO
12,5.440449251799993,2018
16,5.425120378867702,2018
8,5.424743738051885,2018
15,5.365635486577181,2018
3,5.362215282880236,2018
7,5.346843291707347,2018
2,5.2979661155671955,2018
4,5.287806320604065,2018
6,5.2704044660502944,2018
5,5.219039503280649,2018
14,5.216640443745166,2018
13,5.211443354849094,2018
1,5.19232401449495,2018
10,5.188666061071903,2018
9,5.1844585309403515,2018
11,5.152900051786639,2018
