CODIGO_REGION_ESTABLECIMIENTO,PROMEDIO_GENERAL_ANUAL,ANIO
12,5.32032075038536,2012
8,5.158633288157604,2012
7,5.105558090063306,2012
6,5.1001034197861115,2012
4,5.059282771143236,2012
3,5.0272778749271385,2012
5,5.021730135459325,2012
15,4.998402222268636,2012
13,4.993755604907434,2012
2,4.991660203971014,2012
14,4.952059920261151,2012
9,4.928278485942392,2012
1,4.923464576388263,2012
10,4.887279429332059,2012
11,4.809699532606277,2012
