CODIGO_REGION_ESTABLECIMIENTO,PROMEDIO_GENERAL_ANUAL,ANIO
12,5.33100588719377,2010
15,5.2488664662945475,2010
8,5.223082785867254,2010
6,5.204375387227794,2010
2,5.204338304924242,2010
4,5.1992791634943805,2010
3,5.184265145068989,2010
13,5.1728418102914215,2010
5,5.1556525035671426,2010
7,5.141072043520575,2010
14,5.141043502623401,2010
10,5.124758238391686,2010
9,5.079123328380386,2010
11,5.066496033942077,2010
1,4.967884612501312,2010
