CODIGO_REGION_ESTABLECIMIENTO,PROMEDIO_GENERAL_ANUAL,ANIO
12,5.333899761967733,2015
8,5.307463626730582,2015
7,5.270501332041657,2015
15,5.22297239276974,2015
6,5.1999668118406035,2015
2,5.174437787399724,2015
4,5.169676337828832,2015
5,5.1282123654670135,2015
3,5.127000961068303,2015
1,5.10374715278915,2015
13,5.099149248363893,2015
14,5.088925041853432,2015
10,5.047263959095927,2015
9,5.040946008282496,2015
11,5.020485319747955,2015
