CODIGO_REGION_ESTABLECIMIENTO,PROMEDIO_GENERAL_ANUAL,ANIO
12,5.550338366973019,2002
8,5.513138357600898,2002
4,5.488357681971525,2002
3,5.4840093713393205,2002
5,5.483458118789488,2002
1,5.482339090236331,2002
6,5.464785385993612,2002
13,5.463302366295593,2002
2,5.451226125713898,2002
7,5.387576679934441,2002
9,5.383196419548113,2002
10,5.3721144956691145,2002
11,5.343341652553703,2002
