CODIGO_REGION_ESTABLECIMIENTO,PROMEDIO_GENERAL_ANUAL,ANIO
12,5.495165927129554,2006
8,5.344089589967731,2006
4,5.331217058803266,2006
2,5.314189066096951,2006
6,5.3099182827716085,2006
7,5.304796135542961,2006
3,5.298375416865174,2006
13,5.265483970482891,2006
5,5.26524944071908,2006
1,5.250662403763115,2006
10,5.196124822012625,2006
9,5.187208861381735,2006
11,5.167877786952931,2006
