CODIGO_REGION_ESTABLECIMIENTO,PROMEDIO_GENERAL_ANUAL,ANIO
12,5.507741563680604,2008
15,5.393419346183086,2008
8,5.357993410980883,2008
7,5.322025250864448,2008
4,5.304572916666666,2008
6,5.299183631875722,2008
2,5.282337708198458,2008
14,5.275275119004965,2008
3,5.271306227382142,2008
13,5.268529539700334,2008
5,5.26148620159274,2008
9,5.226135684838277,2008
1,5.206205701685305,2008
11,5.18978701444924,2008
10,5.188577758702688,2008
